epoch,train_loss,val_loss,val_accuracy,val_macro_f1,val_top5_accuracy,learning_rate
1,0.7723108073597791,0.3766680889235467,0.8887466211409873,0.8865741704563624,0.9894721866552852,0.00029815325108927063
2,0.16043918628691545,0.15891355862805237,0.9502062882344573,0.9504878295638688,0.998719590268886,0.00029265847744427303
3,0.09649351474853728,0.12180431428297703,0.960734101579172,0.9597465366265489,0.9984350547730829,0.0002836509786282552
4,0.07173914064205608,0.08224056244133919,0.9715464504196899,0.9711971224756256,0.9991463935125907,0.0002713525491562421
5,0.05709994304911955,0.09068005323078261,0.971830985915493,0.9716553576567817,0.9994309290083938,0.0002560660171779821
6,0.042775292094646755,0.1494847077425574,0.9598804950917627,0.9596080446207909,0.9990041257646891,0.000238167787843871
7,0.03827018485088667,0.039521166381355534,0.9870536349409589,0.9869130091502424,0.9997154645041969,0.00021809857496093204
8,0.027450269886068912,0.04621050038581921,0.9863422962014511,0.9863041550928409,0.9997154645041969,0.00019635254915624216
9,0.024376475074521228,0.0356261645076091,0.9883340446720729,0.988212445838116,0.9998577322520984,0.00017346516975603468
10,0.018090738445881743,0.044837734994634636,0.9871959026888605,0.9870462400565337,0.9995731967562953,0.00015000000000000001
11,0.01692273938307146,0.02032246768882811,0.9935979513444302,0.9934770004936829,0.9997154645041969,0.0001265348302439654
12,0.011606190412609073,0.02042880874184618,0.9941670223360364,0.9941728336850071,0.9998577322520984,0.0001036474508437579
13,0.010597502024211539,0.013152590248078801,0.9961587708066582,0.9961219140848252,0.9998577322520984,8.190142503906799e-05
14,0.007403966681785662,0.013949751404567995,0.9961587708066582,0.9960929698233383,0.9998577322520984,6.183221215612905e-05
15,0.006510854679149517,0.018558370121457394,0.9945938255797411,0.994565335986864,0.9998577322520984,4.393398282201788e-05
16,0.0042233243588383354,0.015791738192734106,0.9950206288234458,0.9949453214551707,0.9998577322520984,2.86474508437579e-05
17,0.003277655723123711,0.010637398753563612,0.9971546450419689,0.9971128476884982,0.9998577322520984,1.6349021371744834e-05
18,0.0030726344728212087,0.011255291242114048,0.9971546450419689,0.9971128276344655,0.9998577322520984,7.341522555726972e-06
19,0.002932202131807333,0.009779474888878169,0.9974391805377721,0.9973972071268159,0.9998577322520984,1.8467489107293517e-06
20,0.0021683221968379907,0.009781444465051203,0.9974391805377721,0.9973972071268159,0.9998577322520984,0.0
