Class,Baseline_F1,CBAM_F1,Improvement
Apple___Apple_scab,1.0,0.9975308641975309,-0.0024691358024691024
Apple___Black_rot,1.0,1.0,0.0
Apple___Cedar_apple_rust,1.0,1.0,0.0
Apple___healthy,0.995,1.0,0.0050000000000000044
Blueberry___healthy,1.0,1.0,0.0
Cherry_(including_sour)___Powdery_mildew,1.0,1.0,0.0
Cherry_(including_sour)___healthy,1.0,1.0,0.0
Corn_(maize)___Cercospora_leaf_spot Gray_leaf_spot,0.9848942598187311,0.9879518072289156,0.0030575474101844913
Corn_(maize)___Common_rust_,0.9973753280839895,0.9973753280839895,0.0
Corn_(maize)___Northern_Leaf_Blight,0.9894736842105263,0.9894736842105263,0.0
Corn_(maize)___healthy,1.0,1.0,0.0
Grape___Black_rot,1.0,1.0,0.0
Grape___Esca_(Black_Measles),1.0,1.0,0.0
Grape___Leaf_blight_(Isariopsis_Leaf_Spot),1.0,1.0,0.0
Grape___healthy,1.0,1.0,0.0
Orange___Haunglongbing_(Citrus_greening),1.0,1.0,0.0
Peach___Bacterial_spot,1.0,1.0,0.0
Peach___healthy,1.0,1.0,0.0
"Pepper,_bell___Bacterial_spot",1.0,1.0,0.0
"Pepper,_bell___healthy",1.0,1.0,0.0
Potato___Early_blight,0.9974293059125964,1.0,0.0025706940874036244
Potato___Late_blight,1.0,0.9948453608247423,-0.005154639175257714
Potato___healthy,1.0,0.9917355371900827,-0.008264462809917328
Raspberry___healthy,1.0,1.0,0.0
Soybean___healthy,0.9975308641975309,0.9975308641975309,0.0
Squash___Powdery_mildew,1.0,1.0,0.0
Strawberry___Leaf_scorch,1.0,1.0,0.0
Strawberry___healthy,1.0,1.0,0.0
Tomato___Bacterial_spot,0.9970674486803519,0.9970674486803519,0.0
Tomato___Early_blight,0.9973890339425587,0.9894736842105263,-0.00791534973203245
Tomato___Late_blight,0.9919137466307277,0.989247311827957,-0.002666434802770734
Tomato___Leaf_Mold,1.0,1.0,0.0
Tomato___Septoria_leaf_spot,0.9971181556195965,0.9942196531791907,-0.0028985024404057924
Tomato___Spider_mites Two-spotted_spider_mite,0.9885714285714285,0.9855072463768116,-0.0030641821946169046
Tomato___Target_Spot,0.9917808219178083,0.9811320754716981,-0.010648746446110136
Tomato___Tomato_Yellow_Leaf_Curl_Virus,0.9922879177377892,1.0,0.007712082262210762
Tomato___Tomato_mosaic_virus,1.0,1.0,0.0
Tomato___healthy,0.9948453608247423,0.9974160206718347,0.0025706598470923714
